.Fluids.ContinuousMixer	ContinuousMixer	ContinuousMixer	VOID	.Fluids.ContinuousMixer	VOID
.Fluids.DePortioner	DePortioner	DePortioner	VOID	.Fluids.DePortioner	VOID
.Fluids.FluidDrain	FluidDrain	FluidDrain	VOID	.Fluids.FluidDrain	VOID
.Fluids.FluidSource	FluidSource	FluidSource	VOID	.Fluids.FluidSource	VOID
.Fluids.Mixer	Mixer	Mixer	VOID	.Fluids.Mixer	VOID
.Fluids.PatchMatrix	PatchMatrix	PatchMatrix	VOID	.Fluids.PatchMatrix	VOID
.Fluids.Pipe	Pipe	Pipe	VOID	.Fluids.Pipe	VOID
.Fluids.Portioner	Portioner	Portioner	VOID	.Fluids.Portioner	VOID
.Fluids.Tank	Tank	Tank	VOID	.Fluids.Tank	VOID
.InformationFlow.AttributeExplorer	AttributeExplorer	AttributeExplorer	VOID	.InformationFlow.AttributeExplorer	VOID
.InformationFlow.DataQueue	DataQueue	DataQueue	VOID	.InformationFlow.DataQueue	VOID
.InformationFlow.DataStack	DataStack	DataStack	VOID	.InformationFlow.DataStack	VOID
.InformationFlow.FileInterface	FileInterface	FileInterface	VOID	.InformationFlow.FileInterface	VOID
.InformationFlow.Generator	Generator	Generator	VOID	.InformationFlow.Generator	VOID
.InformationFlow.MQTT	MQTT	MQTT	VOID	.InformationFlow.MQTT	VOID
.InformationFlow.TimeSequence	TimeSequence	TimeSequence	VOID	.InformationFlow.TimeSequence	VOID
.InformationFlow.Trigger	Trigger	Trigger	VOID	.InformationFlow.Trigger	VOID
.MUs.Container	Container	Container	VOID	.MUs.Container	VOID
.MUs.Part	Part	Part	VOID	.MUs.Part	VOID
.MUs.Transporter	Transporter	Transporter	VOID	.MUs.Transporter	VOID
.MaterialFlow.AngularConverter	AngularConverter	AngularConverter	VOID	.MaterialFlow.AngularConverter	VOID
.MaterialFlow.AssemblyStation	AssemblyStation	AssemblyStation	VOID	.MaterialFlow.AssemblyStation	VOID
.MaterialFlow.Buffer	Buffer	Buffer	VOID	.MaterialFlow.Buffer	VOID
.MaterialFlow.Connector	Connector	Connector	VOID	.MaterialFlow.Connector	VOID
.MaterialFlow.Converter	Converter	Converter	VOID	.MaterialFlow.Converter	VOID
.MaterialFlow.Conveyor	Conveyor	Conveyor	VOID	.MaterialFlow.Conveyor	VOID
.MaterialFlow.Cycle	Cycle	Cycle	VOID	.MaterialFlow.Cycle	VOID
.MaterialFlow.DismantleStation	DismantleStation	DismantleStation	VOID	.MaterialFlow.DismantleStation	VOID
.MaterialFlow.Drain	Drain	Drain	VOID	.MaterialFlow.Drain	VOID
.MaterialFlow.EventController	EventController	EventController	VOID	.MaterialFlow.EventController	VOID
.MaterialFlow.FlowControl	FlowControl	FlowControl	VOID	.MaterialFlow.FlowControl	VOID
.MaterialFlow.Interface	Interface	Interface	VOID	.MaterialFlow.Interface	VOID
.MaterialFlow.ParallelStation	ParallelStation	ParallelStation	VOID	.MaterialFlow.ParallelStation	VOID
.MaterialFlow.PickAndPlace	PickAndPlace	PickAndPlace	VOID	.MaterialFlow.PickAndPlace	VOID
.MaterialFlow.Sorter	Sorter	Sorter	VOID	.MaterialFlow.Sorter	VOID
.MaterialFlow.Source	Source	Source	VOID	.MaterialFlow.Source	VOID
.MaterialFlow.Station	Station	Station	VOID	.MaterialFlow.Station	VOID
.MaterialFlow.Store	Store	Store	VOID	.MaterialFlow.Store	VOID
.MaterialFlow.Track	Track	Track	VOID	.MaterialFlow.Track	VOID
.MaterialFlow.Turnplate	Turnplate	Turnplate	VOID	.MaterialFlow.Turnplate	VOID
.MaterialFlow.Turntable	Turntable	Turntable	VOID	.MaterialFlow.Turntable	VOID
.MaterialFlow.TwoLaneTrack	TwoLaneTrack	TwoLaneTrack	VOID	.MaterialFlow.TwoLaneTrack	VOID
.Resources.AGVPool	AGVPool	AGVPool	VOID	.Resources.AGVPool	VOID
.Resources.Broker	Broker	Broker	VOID	.Resources.Broker	VOID
.Resources.Exporter	Exporter	Exporter	VOID	.Resources.Exporter	VOID
.Resources.FootPath	FootPath	FootPath	VOID	.Resources.FootPath	VOID
.Resources.LockoutZone	LockoutZone	LockoutZone	VOID	.Resources.LockoutZone	VOID
.Resources.Marker	Marker	Marker	VOID	.Resources.Marker	VOID
.Resources.ShiftCalendar	ShiftCalendar	ShiftCalendar	VOID	.Resources.ShiftCalendar	VOID
.Resources.Worker	Worker	Worker	VOID	.Resources.Worker	VOID
.Resources.WorkerPool	WorkerPool	WorkerPool	VOID	.Resources.WorkerPool	VOID
.Resources.Workplace	Workplace	Workplace	VOID	.Resources.Workplace	VOID
.Tools.ExperimentManager.BasicObjects.InformationFlow.FileInterface	FileInterface	FileInterface	VOID	.Tools.ExperimentManager.BasicObjects.InformationFlow.FileInterface	VOID
.UserInterface.Checkbox	Checkbox	Checkbox	VOID	.UserInterface.Checkbox	VOID
.UserInterface.CostAnalyzer	CostAnalyzer	CostAnalyzer	VOID	.UserInterface.CostAnalyzer	VOID
.UserInterface.Display	Display	Display	VOID	.UserInterface.Display	VOID
.UserInterface.DropDownList	DropDownList	DropDownList	VOID	.UserInterface.DropDownList	VOID
.UserInterface.SankeyDiagram	SankeyDiagram	SankeyDiagram	VOID	.UserInterface.SankeyDiagram	VOID
.UserObjects.Box	Box	Box	VOID	.UserObjects.Box	VOID
.UserObjects.PartA	PartA	PartA	VOID	.UserObjects.PartA	VOID
.UserObjects.PartB	PartB	PartB	VOID	.UserObjects.PartB	VOID
.Models.Model.EventController	EventController	EventController	.MaterialFlow.EventController	.MaterialFlow.EventController	.MaterialFlow.EventController
.UserObjects.MyFrame.Connector	Connector	Connector	.MaterialFlow.Connector	.MaterialFlow.Connector	.MaterialFlow.Connector
.UserObjects.MyFrame.Conveyor	Conveyor	Conveyor	.MaterialFlow.Conveyor	.MaterialFlow.Conveyor	.MaterialFlow.Conveyor
.UserObjects.MyFrame.Station	Station	Station	.MaterialFlow.Station	.MaterialFlow.Station	.MaterialFlow.Station
