.AGV_Claude.Pool.AGV_batchedRoute						0	
.AGV_Claude.Pool.AGV_dashboard						0	
.AGV_Claude.Pool.AGV_dispatch						0	
.AGV_Claude.Pool.AGV_init						0	
.AGV_Claude.Pool.AGV_release						0	
.AGV_Claude.Pool.AGV_requestCharge						0	
.AGV_Claude.Pool.AGV_reset						0	
.InformationFlow.Method						0	
.MaterialFlow_AGV.BasicObjects.InformationFlow.Method	Method	Method	false	false	0	163	--------------------------------------------------
//Function
//Author:yy.yangyang@siemens.com
//Date:2024-11-07
--------------------------------------------------
.SimtalkClaude.Main.SimtalkAction.ErrorHandler	ErrorHandler	Method	false	false	0	335	-- 这个方法挂在 Method 对象的 ErrorHandler 属性上
param byref error: string, method_path: string, line_number: integer -> any
if error = \"Division by zero.\
\terror := \"\"            // 把 error 置为空字符串 = \"已捕获该错误\
\treturn 1e300            // 给调用方返回一个合理值
end
-- 其它未预期的错误：改写错误信息后继续向上抛
error := \"error in \" + method_path + \": \" + error
return 0
.SimtalkClaude.Main.SimtalkAction.ReadLogFile	ReadLogFile	Method	false	false	0	431	param action:json
//构造回复\"action_id\
if not action.contains(\"action_id\") then throwRuntimeError(\"invalid json,mission action_id\") end
action_result[\"type\"] \t\t:= action[\"type\"]
action_result[\"action_id\"] \t:= action[\"action_id\"]
action_result[\"log\"] \t\t:= a_readlog

//simtalk action feedback
if current.~.server
\tcurrent.~.SocketServer.m_send(action_result)
else
\tcurrent.~.SocketClient.m_send(action_result)
end
.SimtalkClaude.Main.SimtalkAction.Run_Simutalk	Run_Simutalk	Method	false	false	1	764	param action:json
//构造回复\"action_id\

action_result[\"type\"] \t\t:= action[\"type\"]
action_result[\"action_id\"] \t:= action[\"action_id\"]
var simtalk\t\t\t\t\t:= action[\"simtalk_code\"]
print \"execute sim-code: '\" + strCopy(simtalk, 1, 20) +\"......'\
action_result[\"log\"] \t\t:= simtalk_hasError(simtalk)
var syntax_result := action_result[\"result\"]
if syntax_result = \"success\

\taction_result[\"log\"] := simtalk_execute
\tvar run_result := action_result[\"result\"]
\tif run_result = \"success\
\t\taction_result[\"result\"] := \"success\
\telse
\t\taction_result[\"result\"] := \"failed\
\tend
end
//simtalk action feedback
if current.~.server
\tcurrent.~.SocketServer.m_send(action_result)
else
\tcurrent.~.SocketClient.m_send(action_result)
end
.SimtalkClaude.Main.SimtalkAction.a_readlog	a_readlog	Method	false	false	0	505	->string
var logFilePath : string \t:= getLogFile
var paths \t\t:= splitstring(logFilePath,\".\")
var copyPath: string \t\t:= paths[1] + \"_copy.txt\

-- 先复制为副本（注意：copyFile 在源文件被独占锁时仍可能失败）
if copyFile(logFilePath, copyPath)
    result := readStringFromFile(copyPath)
else
    result := \"can not read log , the log file might be use in another program\
end

deletefile(copyPath)

-- 1) 清空 Console 窗口显示
clearConsole

-- 2) 清空对应的日志文件（保留文件本身，只清空内容）
clearLogFile

-- 3) （可选）重新打开 Console，让用户看到干净的状态
openConsole
.SimtalkClaude.Main.SimtalkAction.get_simtalk_hasError	get_simtalk_hasError	Method	false	false	0	562	param action:json
//构造回复\"action_id\

action_result[\"action_id\"] \t:= action[\"action_id\"]
var simtalk\t\t\t\t\t:= action[\"simtalk_code\"]
var code_synax \t\t\t\t:= simtalk_hasError(simtalk)
action_result[\"result\"] := code_synax
action_result[\"type\"] \t\t:= action[\"type\"]

//simtalk action feedback
if current.~.server
\tcurrent.~.SocketServer.m_send(action_result)
else
\tcurrent.~.SocketClient.m_send(action_result)
end
action_result[\"type\"] := \"\
action_result[\"action_id\"] := \"\
action_result[\"result\"] := \"\
action_result[\"log\"] := \"\
.SimtalkClaude.Main.SimtalkAction.m_getlog	m_getlog	Method	false	false	0	378	->string
var logFilePath : string \t:= getLogFile
var paths \t\t:= splitstring(logFilePath,\".\")
var copyPath: string \t\t:= paths[1] + \"_copy.txt\

-- 先复制为副本（注意：copyFile 在源文件被独占锁时仍可能失败）
if copyFile(logFilePath, copyPath)
    result := readStringFromFile(copyPath)
else
    result := \"can not read log , the log file might be use in another program\
end

deletefile(copyPath)
.SimtalkClaude.Main.SimtalkAction.simtalk_execute	simtalk_execute	Method	false	false	1	281	->string
// execute code and get result
executeSilent(&simtalkcode.program)
var errMsg := getExecuteSilentError
var code := &simtalkcode.program
if errMsg /= \"\


\treturn  \"code execute failed. error msg:\"+errMsg+\", in code '\"+Code+\"'\
else

\treturn  \"execute success\
end
.SimtalkClaude.src.SimtalkAction.a_readlog	a_readlog	Method	false	false	0	505	->string
var logFilePath : string \t:= getLogFile
var paths \t\t:= splitstring(logFilePath,\".\")
var copyPath: string \t\t:= paths[1] + \"_copy.txt\

-- 先复制为副本（注意：copyFile 在源文件被独占锁时仍可能失败）
if copyFile(logFilePath, copyPath)
    result := readStringFromFile(copyPath)
else
    result := \"can not read log , the log file might be use in another program\
end

deletefile(copyPath)

-- 1) 清空 Console 窗口显示
clearConsole

-- 2) 清空对应的日志文件（保留文件本身，只清空内容）
clearLogFile

-- 3) （可选）重新打开 Console，让用户看到干净的状态
openConsole
.SimtalkClaude.src.SimtalkAction.get_simtalk_hasError	get_simtalk_hasError	Method	false	false	0	562	param action:json
//构造回复\"action_id\

action_result[\"action_id\"] \t:= action[\"action_id\"]
var simtalk\t\t\t\t\t:= action[\"simtalk_code\"]
var code_synax \t\t\t\t:= simtalk_hasError(simtalk)
action_result[\"result\"] := code_synax
action_result[\"type\"] \t\t:= action[\"type\"]

//simtalk action feedback
if current.~.server
\tcurrent.~.SocketServer.m_send(action_result)
else
\tcurrent.~.SocketClient.m_send(action_result)
end
action_result[\"type\"] := \"\
action_result[\"action_id\"] := \"\
action_result[\"result\"] := \"\
action_result[\"log\"] := \"\
.SimtalkClaude.src.SimtalkAction.m_getlog	m_getlog	Method	false	false	0	378	->string
var logFilePath : string \t:= getLogFile
var paths \t\t:= splitstring(logFilePath,\".\")
var copyPath: string \t\t:= paths[1] + \"_copy.txt\

-- 先复制为副本（注意：copyFile 在源文件被独占锁时仍可能失败）
if copyFile(logFilePath, copyPath)
    result := readStringFromFile(copyPath)
else
    result := \"can not read log , the log file might be use in another program\
end

deletefile(copyPath)
.SimtalkClaude.src.SimtalkAction.simtalk_execute	simtalk_execute	Method	false	false	0	281	->string
// execute code and get result
executeSilent(&simtalkcode.program)
var errMsg := getExecuteSilentError
var code := &simtalkcode.program
if errMsg /= \"\


\treturn  \"code execute failed. error msg:\"+errMsg+\", in code '\"+Code+\"'\
else

\treturn  \"execute success\
end
.SimtalkClaude.src.SimtalkAction.simtalk_hasError	simtalk_hasError	Method	false	false	0	384	param code:string -> string
//check if any error in code
&simtalkcode.program := code
var errMsg : string
var errLine : integer
var hasError := &simtalkcode.hasSyntaxError(errMsg, errLine)
if hasError
\taction_result[\"result\"] := \"failed\
    return \" hasError ： \"+ errMsg+ \" (in row :\"+errLine+\")\

else
\taction_result[\"result\"] := \"success\
\treturn  \"has no Error\
end
.SimtalkClaude.src.SimtalkAction.simtalkcode	simtalkcode	Method	false	false	0	22	var obj:=.createfodler
.SimtalkClaude.src.autoexec	autoexec	Method	false	false	0	432	-- autoexec 方法体（必须放在 Class Library 中）
-- 模型一打开就会自动执行

-- 1) 清空 Console 窗口显示
clearConsole

-- 2) 清空对应的日志文件（保留文件本身，只清空内容）
clearLogFile

-- 3) （可选）重新打开 Console，让用户看到干净的状态
openConsole
var MySocket := ~.main.SocketServer.MySocket
print \"MySocket connecting...\
    MySocket.On := true
if MySocket.On
        print \"MySocket reconnected, listen to \",  num_to_str(MySocket.port)
 else
        print \"Reconnect failed, please check\
end
.SimtalkClaude.src.autoexecLoadObj	autoexecLoadObj	Method	false	false	0	139	
print \"starting listen 50007\
~.main.SocketServer.MySocket.on := true
print ~.main.SocketServer.MySocket.on
print \"started listen 50007\
.Tools.BottleneckAnalyzer.BasicObjects.Method						0	
.Tools.BottleneckAnalyzer.BottleneckAnalyzer.analyzeFrame						0	
.Tools.BottleneckAnalyzer.BottleneckAnalyzer.analyzeModel						0	
.Tools.BottleneckAnalyzer.BottleneckAnalyzer.analyzeObject						0	
.Tools.BottleneckAnalyzer.BottleneckAnalyzer.dialog.AnalyzeModel						0	
.Tools.BottleneckAnalyzer.BottleneckAnalyzer.dialog.DragDrop						0	
.Tools.BottleneckAnalyzer.BottleneckAnalyzer.dialog.RemoveStats						0	
.Tools.BottleneckAnalyzer.BottleneckAnalyzer.dialog.openConfig						0	
.Tools.BottleneckAnalyzer.BottleneckAnalyzer.dialog.openDia	openDia	Method	false	false	0	86	-- needed for update from 7.6
var ApplObj:object := ~
ApplObj.userPopupMenu := Context
.Tools.BottleneckAnalyzer.BottleneckAnalyzer.dialog.openHelp	openHelp	Method	false	false	0	74	-- called by context menu and dialog
dialog.callback(\"HelpObject_Menu\")

.Tools.BottleneckAnalyzer.BottleneckAnalyzer.dialog.showLanguage	showLanguage	Method	false	false	0	761	-- show the dialog box in the current userinterfacelanguage
var display:list[string]
display.create
/*\tOnly Bars
\tPlus Scale
\tPlus Background
*/
for var n := 1 to 3
\tdisplay.insert(n, rootfolder.Localization.getText(n+3))
next
dialog.setList(\"display_pop\",  display)
dialog.label := rootfolder.Localization.getText(70)-- \"Bottleneck Analyzer\

for var n := 1 to Translations.yDim
\tvar Dialog_elem: string := Translations[0,n]
\tvar messageTabNo:integer := Translations[1,n]
\tdialog.setCaption(Dialog_elem,rootfolder.Localization.getText(messageTabNo))
next

dialog.setCheckBox(\"prod_chk\",~.production)
dialog.setCheckBox(\"transp_chk\",~.transport)
dialog.setCheckBox(\"stor_chk\",~.storage)
dialog.setIndex(\"display_pop\",~.scale_icon)

dialog.open
.Tools.BottleneckAnalyzer.BottleneckAnalyzer.dialog.showStats	showStats	Method	false	false	0	1006	-- called by: dialog
var i : integer

if not ~.analyzed
\tanalyzeModel
end

if ~.~ = rootfolder
\treturn
end

var sortCriteria:list[string]
sortCriteria.create
for i := 1 to 5
\tsortCriteria.insert(i, rootfolder.Localization.getText(i+10))
next
-- Please select the sort criteria for statistics ranking.
i := promptlist1(sortCriteria, rootfolder.Localization.getText(8))

~.resourceStats.writeRow(1,0,rootfolder.Localization.getText(41),-- resource
\trootfolder.Localization.getText(43),-- working
\trootfolder.Localization.getText(48),-- setup
\trootfolder.Localization.getText(42),-- waiting\t\t
\trootfolder.Localization.getText(44),-- blocked
    rootfolder.Localization.getText(40),-- PoweringUpDown
\trootfolder.Localization.getText(45),-- disrupted
\trootfolder.Localization.getText(49),-- stopped
\trootfolder.Localization.getText(46),-- pause
    rootfolder.Localization.getText(47)) -- sortCriteria

if i > 0
\t~.sortStats(i)
\t~.resourceStats.showComment := true
\t~.resourceStats.openDialog
end
.Tools.BottleneckAnalyzer.BottleneckAnalyzer.drawBar	drawBar	Method	false	false	0	577	param obj : object, typeStr:string, factor : real

var ZeropointX,ZeropointY,IconLen,IconHeight:integer

obj.getBoundingBox(ZeropointX,ZeropointY,IconLen,IconHeight)
ZeropointX := ZeropointX + IconLen/2 - 20
ZeropointY := ZeropointY - 10
\t\t
if ZeropointY - 40 < 10
\tZeropointY := ZeropointY + 70 + IconHeight
end
 var color:integer := colors[1,typeStr]
var y_Null:integer := ZeropointY - 1
 var x_Null:integer := ZeropointX + colors[6,typeStr]

-- reduce the width of the bars from 6 to 4, 3
obj.~.drawRectangle(layer_of_chart - 1,x_Null,y_Null,3,-round(40*factor),color,-1)
.Tools.BottleneckAnalyzer.BottleneckAnalyzer.draw_Scale	draw_Scale	Method	false	false	0	1411	param obj:object
var color_scale,ZeropointX,ZeropointY,IconLen,IconHeight,x,y: integer
var locObj:object := obj.~
obj.getBoundingBox(ZeropointX,ZeropointY,IconLen,IconHeight)
ZeropointX := ZeropointX + IconLen/2 - 20; ZeropointY := ZeropointY - 10
\t\t
if ZeropointY - 40 < 10
\tZeropointY := ZeropointY + 70 + IconHeight
end
var x_Null: integer := ZeropointX
var y_Null: integer := ZeropointY

if scale_icon = 2
\tcolor_scale := makeRGBValue(190,190,190)
else
\tcolor_scale := makeRGBValue(0,0,0)
end
var Layer:integer := Layer_of_chart

--horizontal line with arrow
locObj.drawLine(Layer,x_Null,y_Null,x_Null+49,y_Null,color_scale,1)
for var i:= 0 to 7
\tx := x_Null+(i*5)+6
\tlocObj.drawLine(Layer,x,y_Null-1,x,y_Null+2,color_scale,1)
next
locObj.drawLine(Layer,x_Null+49,y_Null,x_Null+46,y_Null+3,color_scale,1)
   locObj.drawLine(Layer,x_Null+49,y_Null,x_Null+46,y_Null-3,color_scale,1)
   -- vertical line
\tlocObj.drawLine(Layer,x_Null,y_Null,x_Null,y_Null-42,color_scale,1)
for var i:= 1 to 3
\ty := y_Null-(i*10)
\tlocObj.drawLine(Layer,x_Null+2,y,x_Null-2,y,color_scale,1)
next
locObj.drawLine(Layer,x_Null,y_Null-42,x_Null+3,y_Null-39,color_scale,1)
   locObj.drawLine(Layer,x_Null,y_Null-42,x_Null-3,y_Null-39,color_scale,1)
   -- grey degrees
if scale_icon = 3 \t\t
\tfor var i:= 1 to 3
\t\ty := y_Null-(i*10)
\t\tlocObj.drawLine(Layer,x_Null+3,y,x_Null+46,y,makeRGBValue(190,190,190),1)
\tnext
end
.Tools.BottleneckAnalyzer.BottleneckAnalyzer.fill4Report	fill4Report	Method	false	false	0	744	-- ResourceStats is filled and sorted according to the sum working + failure
-- All bar charts are shown.
-- called by: preparing a report for an arbitrary application (external call)
analyzeModel

ResourceStats.writeRow(1,0,rootfolder.Localization.getText(41),-- resource
\trootfolder.Localization.getText(43),-- working
\trootfolder.Localization.getText(48),-- setup
\trootfolder.Localization.getText(42),-- waiting\t\t
\trootfolder.Localization.getText(44),-- blocked
    rootfolder.Localization.getText(40),-- PoweringUpDown
\trootfolder.Localization.getText(45),-- disrupted
\trootfolder.Localization.getText(49),-- stopped
\trootfolder.Localization.getText(46),-- pause
\trootfolder.Localization.getText(47)) -- sortCriteria

sortStats(3)
.Tools.BottleneckAnalyzer.BottleneckAnalyzer.insRootStr	insRootStr	Method	false	false	0	626	param obj_str,root_str:string->string

while strLpos(\" \",obj_str)=1 loop obj_str := strOmit(obj_str,1,1);end
if strLpos(\"root\",obj_str) = 1
\t-- already \"root\" inserted OR entry deleted
\treturn obj_str
else
\tif strLpos(\".\",obj_str) /= 1  -- for instance: obj_str = \"station.procTime\
\t\treturn to_str(\"root.\",obj_str)
\telse
\t\tif strLpos(root_str,obj_str)=1   -- for instance: obj_str = \".Model.station.procTime\
\t\t\tvar L:integer := StrLen(root_str)
\t\t\treturn to_str(\"root\",strOmit(obj_str,0,L+1))
\t\telse -- for instance: obj_str = \".MUs.Part.statAvgLifeSpan\
\t\t\treturn obj_str
\t\tend
\tend
end
.Tools.BottleneckAnalyzer.BottleneckAnalyzer.isTool						0	
.Tools.BottleneckAnalyzer.BottleneckAnalyzer.markBottleneckObject						0	
.Tools.BottleneckAnalyzer.BottleneckAnalyzer.removeCharts						0	
.Tools.BottleneckAnalyzer.BottleneckAnalyzer.removeStats						0	
.Tools.BottleneckAnalyzer.BottleneckAnalyzer.reset						0	
.Tools.BottleneckAnalyzer.BottleneckAnalyzer.sortStats						0	
.Tools.BottleneckAnalyzer.Localization.LanguageDesignation						0	
.Tools.BottleneckAnalyzer.Localization.getMessage						0	
.Tools.BottleneckAnalyzer.Localization.getText	getText	Method	false	false	0	864	/*
¯¯¯¯¯¯¯¯¯¯¯¯¯¯¯¯¯¯¯¯¯¯¯¯¯¯¯¯¯¯¯¯¯¯¯¯¯¯¯¯¯¯¯¯¯¯¯¯¯¯¯¯¯¯¯¯¯¯¯¯¯¯¯¯¯¯¯¯¯¯¯¯¯¯¯¯¯¯¯¯¯
Method Tasks: Translation of messages and dialog items.
The developper of the localization can work incremental.
Not yet translated item are shons english.

Parameters\t: row in MessageTab
ReturnValues: translated text

Called By\t:
Calls\t\t:

Author\t\t: PS
Date\t\t: Nov 2008

_________________________________________________________________________________
History:
\t\t\t
¯¯¯¯¯¯¯¯¯¯¯¯¯¯¯¯¯¯¯¯¯¯¯¯¯¯¯¯¯¯¯¯¯¯¯¯¯¯¯¯¯¯¯¯¯¯¯¯¯¯¯¯¯¯¯¯¯¯¯¯¯¯¯¯¯¯¯¯¯¯¯¯¯¯¯¯¯¯¯¯¯*/
param index : integer -> string

var s : string := MessageTab[UserInterfaceLanguage+1, index]

-- s := MessageTab[9, index] -- HUN
-- s := MessageTab[4, index] -- Chinese
--s := MessageTab[5, index] -- RUS
--s := MessageTab[1, index] -- DEU

if strLen( s ) = 0
\ts := MessageTab[2,index] -- english text
end

return s
.Tools.BottleneckAnalyzer.Localization.message	message	Method	false	false	0	1846	/*
¯¯¯¯¯¯¯¯¯¯¯¯¯¯¯¯¯¯¯¯¯¯¯¯¯¯¯¯¯¯¯¯¯¯¯¯¯¯¯¯¯¯¯¯¯¯¯¯¯¯¯¯¯¯¯¯¯¯¯¯¯¯¯¯¯¯¯¯¯¯¯¯¯¯¯¯¯¯¯¯¯
Method Tasks:
write a message, warning or error in the HTML report
¯¯¯¯¯¯¯¯¯¯¯¯¯¯¯¯¯¯¯¯¯¯¯¯¯¯¯¯¯¯¯¯¯¯¯¯¯¯¯¯¯¯¯¯¯¯¯¯¯¯¯¯¯¯¯¯¯¯¯¯¯¯¯¯¯¯¯¯¯¯¯¯¯¯¯¯¯¯¯¯¯
Parameters\t: page, the page in the HTML report where the message should be posted
\t\t\t  MsgNumber, the index of the message in messageTab
\t\t\t  p1, p2, p3, possible parameters for the message
ReturnValues:

Called By\t:
Calls\t\t:

Author\t\t: Guido Gross
Date\t\t: 13.06.2005
_________________________________________________________________________________
History:
21.06.2005\tGG\tonly _print the name of the calling object
24.06.2005\tGG\tadd bold letters for the parameters
03.08.2007\tGG\tuse AOLLanguage_ which is set by autoexec method
\t\t\t\tchanging the parameters of the method
06.08.2007\tGG\tadding Parameter ReportObj to make it more flexible
08.08.2007\tGG\tdebugging
08.10.2007  PS version 8.2\t\t\t
¯¯¯¯¯¯¯¯¯¯¯¯¯¯¯¯¯¯¯¯¯¯¯¯¯¯¯¯¯¯¯¯¯¯¯¯¯¯¯¯¯¯¯¯¯¯¯¯¯¯¯¯¯¯¯¯¯¯¯¯¯¯¯¯¯¯¯¯¯¯¯¯¯¯¯¯¯¯¯¯¯*/
param  reportObj : object, page : string, MsgNumber : integer, p1,p2,p3 : string

var mess\t\t\t\t: string
var pos1, pos2, pos3\t: integer
var obj\t\t\t\t\t: object

-- get the text of the message
if messageTab.YDIm<MsgNumber
\tmess := getText( 1 )
\tp1 := to_str( MsgNumber )
else
\tmess := getText(MsgNumber)
end

obj := ?

pos1 := strLpos(\"$1\", mess)
pos2 := strLpos(\"$2\", mess)
pos3 := strLpos(\"$3\", mess)

if pos3 > 0
\tmess := strIncl(\"<b>\"+p3+\"</b>\", mess, pos3+2)
\tmess := strOmit(mess, pos3, 2)
end
if pos2 > 0
\tmess := strIncl(\"<b>\"+p2+\"</b>\", mess, pos2+2)
\tmess := strOmit(mess, pos2, 2)
end
if pos1 > 0
\tmess := strIncl(\"<b>\"+p1+\"</b>\", mess, pos1+2)
\tmess := strOmit(mess, pos1, 2)
end

mess := \"<b><u>\"+obj.name+ \"</u></b>: \" + mess

reportObj.writeln( page, mess)
.Tools.EnergyAnalyzer.BasicObjects.Method	Method	Method	false	false	0	0	
.Tools.EnergyAnalyzer.EnergyAnalyzer.VisObject	VisObject	Method	false	false	0	4445	-- called by:_visualize
param objNo:integer, relScaling:real -- relScaling in [0,1]

var x,y,width,height,color,cr,x_curr,layerNo,nr,circleWidth:integer

var obj:object := to_str(\"~.\",EnergyConsumers[0,objNo])
var objLoc:object := obj.~
var Consumpt:real :=  EnergyConsumers[1,objNo]
--\tif Consumpt = 0 then return end;
cr := floor(relScaling * 255)
if relScaling < 0.9
\tif relScaling < 0.7
\t\tif relScaling < 0.4
\t\t\tcircleWidth := 1 -- the minimal resource ( < 40 % )
\t\t\tcr := 0
\t\telse
\t\t\tcircleWidth := 3 -- 40 - 70 %
\t\t\tcr := 127
\t\tend
\telse
\t\tcircleWidth := 5 -- 70 - 90 %
\t\tcr := 190
\tend
else
\tcircleWidth := 7 -- the top 10 %
\tcr := 255
end
color := makeRGBValue(cr,0,255 - cr)

var stmt:string := \"param obj:object->boolean; result := obj.curveActive\
var isCurve:boolean := executeSilent(stmt,obj)
if isCurve
\t--var tab:table := obj.SegmentsTable
\tvar tabNew:table
\tobj.getCurveSegments(tabNew)
\tvar O:real[2] := objLoc.axesOrigin
\tvar sf:real   := objLoc.ScalingFactor
\tvar mx,my:real
\t-- px: coordinate, mx: meter coordinate
\t-- px =  mx /sf + Ox
\t-- py = -my /sf + Oy\t
\tmx := round( 1/sf * (tabNew[7,1] + tabNew[7,2])/2 + O[1]);
\tmy := round(-1/sf * (tabNew[8,1] + tabNew[8,2])/2 + O[2]);
\t\t
\tvar phi:real := 0.5 * pi * tabNew[3,2]/180 -- > 0 means right turn
\tif phi = 0 \t\t\t\t
\t\twidth  := -sf * (tabNew[8,2] - tabNew[8,1]) + O[2] -- delta y
\t\theight := obj.curvewidth
\telse
\t\tvar Vx,Vy:real

\t\tvar Cx:real :=  tabNew[7,1]/sf + O[1]
\t\tvar Cy:real := -tabNew[8,1]/sf + O[2]
\t\tvar dr:real := tabNew[4,2]
\t\tvar w:real  := - pi * (obj.ObjectAngle + tabNew[1,2])/180 -- tangetial angle of the start point
\t\t--if obj.name=\"Line2\" then debug end
\t\tvar Tx:real := cos(w)/sf * dr -- tangential vector measured in pixel (red)
\t\tvar Ty:real := -sin(w)/sf * dr\t
\t\t\t\t\t
\t\tif phi > 0 -- right turn
\t\t\tVx := Ty -- radius vector measured in pixel
\t\t\tVy := -Tx\t\t\t
\t\telse -- left turn
\t\t\tVx := sin(w)/sf * dr -- radius vector measured in pixel
\t\t\tVy := cos(w)/sf * dr\t\t\t
\t\tend\t
\t\tvar c:real := cos(phi)
\t\tvar s:real := sin(phi)
\t\tmx := cx - Vx + c * Vx - s * Vy
\t\tmy := cy - Vy + s * Vx + c * Vy
\tend
\t
--\tobjLoc.drawLine(layer,-Vx+Cx,-Vy+Cy, Cx,Cy, makeRGBValue(0, 128, 0),1,-2) -- radius (green)
--\tobjLoc.drawLine(layer, Cx,Cy, Tx+Cx,Ty+Cy, makeRGBValue(255, 0, 0),1,-2) -- tangential vector

else
\tobj.getBoundingBox(x,y,width,height)
\tmx := round(x + width /2)
\tmy := round(y + height/2)
end
Vx := 2*Radius -- diameter of the ellipse
objLoc.drawellipse(layer, mx - Radius, my - Radius, Vx, Vx,  color,circleWidth) -- size of the circles in 2D is defined by the real attribute Radius of the wizard
\t
var barLength:real := 40 -- show the bar for the energy states
x_curr :=  round(mx - barLength/2)
y := my - Radius - 10
var colorRGB:table := Colors.RGB
for var j := 1 to 6   -- small bars for the energy states: Working, Setting_up, Operational, Failed, Standby, Off
\tif Consumpt > 0 then cr := round(barLength * EnergyConsumers[j + 3, objNo]/Consumpt) else cr := 0 end
\tobjLoc.drawRectangle(layer,x_curr, y, cr, 6, colorRGB[1,j],-1,0)
\tx_curr := x_curr + cr
next
objLoc.drawRectangle(layer,round(mx - barLength/2),y, barLength,6,makeRGBValue(0,0,0),0) -- no gradient, 1 px line
var scalFrame:real := objLoc.scalingFactor
var orig :real[2] := objLoc.axesOrigin

if obj._3D.exists  -- therefore objLoc.createIn3D= true\t
\tvar coord:real[3]
\tcoord := obj._3D.position
\tif isCurve
\t\tcoord[1] := (mx - orig[1]) * scalFrame
\t\tcoord[2] := (orig[2] - my) * scalFrame
\tend
\tcoord[3] := coord[3] + z3D_lowerSurface
\t
\tvar analysis:any
\tif objLoc._3D.existsObject(GrGroupName) then
\t\tanalysis := objLoc._3D.getObject(GrGroupName)
\telse
\t\tanalysis := objLoc._3D.addObject(GrGroupName) -- create animatable object
\tend

\t-- usage of the 3D access of version 15.0
\tvar cylinder : any := analysis.getGraphic(\"default\").createConeFrustum(1, 1, when relScaling > 0 then relScaling * (z3D_upperSurface - z3D_lowerSurface) else 0.1)
\tcylinder.Position := coord

\tcylinder.MaterialActive        := true
\tcylinder.MaterialDiffuseColor  := color
\tcylinder.MaterialAmbientColor  := makeRGBValue(20,20,20)
\tcylinder.MaterialSpecularColor := makeRGBValue(25,25,25)
\tcylinder.MaterialEmissiveColor := makeRGBValue(15,15,15)
\tcylinder.MaterialTransparency  := 0.6
\tcylinder.MaterialShininess     := 0.1\t
end -- if with 3D
.Tools.EnergyAnalyzer.EnergyAnalyzer.delVisualize	delVisualize	Method	false	false	0	872	-- button 'Remove', reset, showVisualization
Dialog.VisualizationON := false

for var j := EnergyConsumers.YDimIndex downto 1
\tvar obj:object  := EnergyConsumers[0,j]
\tif obj /= void
\t\tEnergyConsumers[0,j] := makePathRelative(obj,~)
\tend
\t
\tobj := to_str(\"~.\",EnergyConsumers[0,j])
\tif obj = void
\t\tEnergyConsumers.cutRow(j)
\telse -- if obj /= void
\t\tvar objLoc:object := obj.~
\t\tobjLoc.eraselayer(layer)
\t\t
\t\tif objLoc._3D.exists -- with 3D\t
            /* if objLoc._3D.getObject(GrGroupName).exists
\t\t\t\tobjLoc._3D.getObject(GrGroupName).delete
\t\t\tend\t
\t\t\tif objLoc._3D.GraphicGroupNames.find(GrGroupName) > 0
\t\t\t\tobjLoc._3D.deleteGraphicGroup(GrGroupName)
\t\t\tend*/
\t\t\t
\t\t\tif objLoc._3D.existsObject(GrGroupName)
\t\t\t\tobjLoc._3D.getObject(GrGroupName).delete
\t\t\tend
\t\tend -- with 3D
\tend -- if obj /= void
next -- j
.Tools.EnergyAnalyzer.EnergyAnalyzer.detectEnergyobjects	detectEnergyobjects	Method	false	false	0	96	-- true, if energy is acitve
-- with error handler
param o:object->boolean
return o.EnergyActive
.Tools.EnergyAnalyzer.EnergyAnalyzer.endSim	endSim	Method	false	false	0	18	updateConsumption

.Tools.EnergyAnalyzer.EnergyAnalyzer.findConsumers	findConsumers	Method	false	false	0	392	-- called by: open the dialog
param FrameObj:object

var absPathOfMethod:string := to_str(&observeEnergyState)
for var j := 1 to FrameObj.numNodes
\tvar o:object := FrameObj.node(j)
\tif o.internalclassname = \"Network\"
\t\tfindConsumers(o)
\telse
\t\tif detectEnergyobjects(o)
\t\t\tObjects[1,Objects.ydim+1] := makePathRelative(o,~)
\t\tend -- if detectEnergyobjects
\tend
next -- object o
.Tools.EnergyAnalyzer.EnergyAnalyzer.init	init	Method	false	false	0	123	-- fill table EnergyConsumers according to the selection
if MonitoringActive
\tprepareObserver(true)
end
updateConsumption

.Tools.EnergyAnalyzer.EnergyAnalyzer.isNameUniqueEverywhere	isNameUniqueEverywhere	Method	false	false	0	342	-- called by: visualize
param frame : object, nameToCheck : string -> boolean

if not frame.isNameUnique(nameToCheck) then
\treturn false
end

for var i := 1 to frame.numNodes
\tvar n : object := frame.node(i)
\tif n.InternalClassName = \"Network\" AND (not isNameUniqueEverywhere(n, nameToCheck)) then
\t\treturn false
\tend
next
return true
.Tools.EnergyAnalyzer.EnergyAnalyzer.observeEnergyState	observeEnergyState	Method	false	false	0	1778	-- the observer of 'EnergyCurrentState' 'PowerInput'
param valueName:string, oldValue:any

if (NOT @.Energyactive) OR (eventController = void)
\treturn
end
var objStr:string := makePathRelative(@,~)
var row:integer := EnergyConsumers.getRowNo(objStr)
if row < 1  -- For instance the object was renamed.
\tif @.rootframe /= root
\t\treturn -- should not happened
\tend

\tif NOT &observeEnergyState.InfoWasGiven
\t\t-- The object '$1' was not registered correctly for the library '$2'.
\t\tmessageBox(rootFolder.localization.getMessage(56, @,name,\"\"),1,1) -- error
\t\t&observeEnergyState.InfoWasGiven := true
\t\teventController.stop
\tend
\treturn
end

var r:real := @.statEnergyTotalConsumption
--                                  Consumption in the state 'operational',     Current Power [kW]
EnergyConsumers.writeRow(1,row,  r, r * @.statEnergyOperationalConsumptionPortion, @.PowerInput)
-- update cust att
Consumption            := EnergyConsumers.sum({1,1}..{1,*}) -- SUM_Energy [kWh]
ConsumptionOperational := EnergyConsumers.sum({2,1}..{2,*}) -- SUM_Energy operational [kW]\t
powerConsumption       := EnergyConsumers.sum({3,1}..{3,*}) -- SUM Current Power [kW] (shown in the plotter)

refEnergy.value := to_str(round(Consumption,1),\" kWh\")
\t
if maxPowerConsumption < powerConsumption  -- A new record is detected.
\tmaxPowerConsumption := powerConsumption
\tPeakTime := eventController.simTime
end

/*if abs(@.statEnergyOperationalConsumption - EnergyConsumers[2,objStr]) > 0.01\t
\tprint \"Powerinput: \",oldValue,\" >>> \",@.Powerinput
\tprint @.statEnergyOperationalConsumption
\tprint EnergyConsumers[2,objStr]
\tdebug
end*/

if EnergyConsumers.isOpen OR UsageProfile.active  -- The opened table and the diagram, which must be updated.
\tupdateConsumption
end
.Tools.EnergyAnalyzer.EnergyAnalyzer.prepareObserver	prepareObserver	Method	false	false	0	1244	-- called by: reset, init, checkbox 'Monitoring'
param add:boolean
var obj:object
var tab:table := UsageProfile.UtilizationTable
UsageProfile.UtilizationTable := tab
tab.delete({1,0}..{*,*})

for var j := EnergyConsumers.YDimIndex downto 1
\tvar str:string := EnergyConsumers[0,j]
\tobj := to_str(\"~.\",str)
\tif obj = void
\t\tEnergyConsumers.cutRow(j)
\telse
\t\ttab[j,0] := str
\tend
next
UsageProfile.UtilizationTable := tab

var absPathOfMethod:string := to_str(\"*\",&observeEnergyState)-- add as object link

if add
\tObjectsWithObserver.delete
\tif MonitoringActive
\t\tfor var j := 1 to EnergyConsumers.YDimIndex
\t\t\tobj := to_str(\"~.\",EnergyConsumers[0,j])
\t\t\tObjectsWithObserver.append(obj) -- as object link (with *)
\t\t\t--obj.addObserver(\"EnergyCurrentState\",absPathOfMethod);
\t\t\tobj.addObserver(\"PowerInput\",absPathOfMethod)
\t\tnext
\t\t-- Monitoring all changes of $1 objects by the wizard '$2' in the frame $3 may have negative effects on run time of your model.
\t\tprint rootfolder.localization.getMessage(64, ObjectsWithObserver.dim,current.name,current.~)
\t\tupdateConsumption
\tend

else -- called by reset
\t
\tvar a:object[]
\tcopyObjectsToClipboard(a)
\t\t\t
\tremoveAllPowerInputObserver(root)
\t
end
.Tools.EnergyAnalyzer.EnergyAnalyzer.reset	reset	Method	false	false	0	763	-- remove observer of all object with activated energy simulation
-- also of objects which are not selected by the user
delVisualize -- like the button 'Remove' visualization
prepareObserver(false) -- remove observer

--EnergyConsumers.setBackgroundColorCells({0,1}..{*,*},makeRGBValue(255,255,255))
EnergyConsumers.delete -- do not delete the selected objects

UsageProfile.UtilizationTable.delete
UsageProfile.UtilizationTable[1,6] := 0

Consumption := 0
ConsumptionOperational := 0
powerConsumption := 0
maxPowerConsumption := 0
PeakTime := 0

refEnergy.value := \"\

&observeEnergyState.InfoWasGiven := false

if numPlottedValues > 999 AND numPlottedValues < 100001
\tPlotter.numValues := numPlottedValues
else
\tnumPlottedValues := 10000 -- default value
end
.Tools.EnergyAnalyzer.EnergyAnalyzer.updateConsumption	updateConsumption	Method	false	false	0	1538	-- called by: showChart (dialog), open table EnergyConsumers (dialog), init and endsim
-> string

if EventController=void  -- Please insert an eventcontroller.
\tmessageBox(rootfolder.Localization.getText(84), 1, 1) -- error
\treturn
end

var ConsumerTab:object := EnergyConsumers
var tab:table := UsageProfile.UtilizationTable

for var j := 1 to ConsumerTab.YDimIndex
\tvar obj:object := to_str(\"~.\",ConsumerTab[0,j])

\tif obj /= void AND obj.EnergyActive
\t\tvar X1:real := obj.statEnergyWorkingConsumption
\t\tvar X2:real := obj.statEnergySetupConsumption
\t\tvar X3:real := obj.statEnergyOperationalConsumption
\t\tvar X4:real := obj.statEnergyFailConsumption
\t\tvar X5:real := obj.statEnergyStandbyConsumption
\t\tvar X6:real := obj.statEnergyOffConsumption

\t\ttab[j,1] := X1
\t\ttab[j,2] := X2
\t\ttab[j,3] := X3
\t\ttab[j,4] := X4
\t\ttab[j,5] := X5
\t\ttab[j,6] := X6

\t\tConsumerTab.writeRow(1,j, obj.statEnergyTotalConsumption, obj.statEnergyOperationalConsumption, obj.PowerInput, X1,X2,X3,X4,X5,X6)
\tend
next

Consumption            := ConsumerTab.sum({1,1}..{1,*}) -- SUM Energy [kWh] >>> cust attr
ConsumptionOperational := ConsumerTab.sum({2,1}..{2,*}) -- SUM Energy operational [kW] >>> cust attr
powerConsumption       := ConsumerTab.sum({3,1}..{3,*}) -- SUM Current Power [kW] >>> cust attr
refEnergy.value := to_str(round(Consumption,1),\" kWh\")

if MonitoringActive AND (maxPowerConsumption < powerConsumption)  -- new record
\tmaxPowerConsumption := powerConsumption
\tPeakTime := eventController.simTime
end
.Tools.EnergyAnalyzer.EnergyAnalyzer.visualize	visualize	Method	false	false	0	629	-- button 'Show', showVisualization

GrGroupName := to_str(\"_\",name,\"_\",abs(layer))
repeat
\tGrGroupName += \"_\
until isNameUniqueEverywhere(root,GrGroupName) -- frequently unique in the root frame

Dialog.VisualizationON := true

var MaxCons:real := EnergyConsumers.max({1,1}..{1,*})

if MaxCons = 0
\t-- The investigated objects have no energy consumption.
\tmessageBox(rootfolder.localization.getText(55),1,3)
\treturn
end

-- consumptions registered (that is MaxCons > 0)
for var objNo := 1 to EnergyConsumers.yDim
\tvar relScaling:real := EnergyConsumers[1,objNo]/MaxCons -- in [0,1]
\tvisObject(objNo, relScaling)
next
.Tools.EnergyAnalyzer.Localization.LanguageDesignation	LanguageDesignation	Method	false	false	0	698	/*_______________________________________________________________________________
Method Tasks:
Return the abbreviation of the current user interface language like DEU, ENU...
¯¯¯¯¯¯¯¯¯¯¯¯¯¯¯¯¯¯¯¯¯¯¯¯¯¯¯¯¯¯¯¯¯¯¯¯¯¯¯¯¯¯¯¯¯¯¯¯¯¯¯¯¯¯¯¯¯¯¯¯¯¯¯¯¯¯¯¯¯¯¯¯¯¯¯¯¯¯¯¯¯
Parameters\t: none
ReturnValues: the abbreviation which is stored in index row of MessageTab

Called By\t:
Calls\t\t:

Author\t\t: Guido Gross
Date\t\t: 10.10.2008
_________________________________________________________________________________
History:
PS 10.11.2008 use UserInterfaceLanguage

¯¯¯¯¯¯¯¯¯¯¯¯¯¯¯¯¯¯¯¯¯¯¯¯¯¯¯¯¯¯¯¯¯¯¯¯¯¯¯¯¯¯¯¯¯¯¯¯¯¯¯¯¯¯¯¯¯¯¯¯¯¯¯¯¯¯¯¯¯¯¯¯¯¯¯¯¯¯¯¯¯*/
-> string
result := MessageTab[UserInterfaceLanguage+1, 0 ]

.Tools.EnergyAnalyzer.Localization.getMessage	getMessage	Method	false	false	0	1194	/*
¯¯¯¯¯¯¯¯¯¯¯¯¯¯¯¯¯¯¯¯¯¯¯¯¯¯¯¯¯¯¯¯¯¯¯¯¯¯¯¯¯¯¯¯¯¯¯¯¯¯¯¯¯¯¯¯¯¯¯¯¯¯¯¯¯¯¯¯¯¯¯¯¯¯¯¯¯¯¯¯¯
Method Tasks: write a message
¯¯¯¯¯¯¯¯¯¯¯¯¯¯¯¯¯¯¯¯¯¯¯¯¯¯¯¯¯¯¯¯¯¯¯¯¯¯¯¯¯¯¯¯¯¯¯¯¯¯¯¯¯¯¯¯¯¯¯¯¯¯¯¯¯¯¯¯¯¯¯¯¯¯¯¯¯¯¯¯¯
Parameters\t: MsgNumber, the index of the message in messageTab
\t\t\t  p1, p2, p3, possible parameters for the message
ReturnValues: message with replacements

Called By\t:
Calls\t\t:

Author\t\t: PS
Date\t\t: 17.02.2020
_________________________________________________________________________________
History:

¯¯¯¯¯¯¯¯¯¯¯¯¯¯¯¯¯¯¯¯¯¯¯¯¯¯¯¯¯¯¯¯¯¯¯¯¯¯¯¯¯¯¯¯¯¯¯¯¯¯¯¯¯¯¯¯¯¯¯¯¯¯¯¯¯¯¯¯¯¯¯¯¯¯¯¯¯¯¯¯¯*/
param MsgNumber : integer, p1,p2,p3 : any->string

var mess,s1,s2,s3 : string
var pos1, pos2, pos3\t: integer

mess := getText(MsgNumber) -- get the text of the message with place holder
s1 := to_str(p1)
s2 := to_str(p2)
s3 := to_str(p3)

pos1 := strLpos(\"$1\", mess)
pos2 := strLpos(\"$2\", mess)
pos3 := strLpos(\"$3\", mess)

if pos3 > 0
\tmess := strIncl(s3, mess, pos3+2)
\tmess := strOmit(mess, pos3, 2)
end
if pos2 > 0
\tmess := strIncl(s2, mess, pos2+2)
\tmess := strOmit(mess, pos2, 2)
end
if pos1 > 0
\tmess := strIncl(s1, mess, pos1+2)
\tmess := strOmit(mess, pos1, 2)
end
result := mess
.Tools.EnergyAnalyzer.Localization.getText	getText	Method	false	false	0	863	/*
¯¯¯¯¯¯¯¯¯¯¯¯¯¯¯¯¯¯¯¯¯¯¯¯¯¯¯¯¯¯¯¯¯¯¯¯¯¯¯¯¯¯¯¯¯¯¯¯¯¯¯¯¯¯¯¯¯¯¯¯¯¯¯¯¯¯¯¯¯¯¯¯¯¯¯¯¯¯¯¯¯
Method Tasks: Translation of messages and dialog items.
The developper of the localization can work incremental.
Not yet translated item are shons english.

Parameters\t: row in MessageTab
ReturnValues: translated text

Called By\t:
Calls\t\t:

Author\t\t: PS
Date\t\t: Nov 2008

_________________________________________________________________________________
History:
\t\t\t
¯¯¯¯¯¯¯¯¯¯¯¯¯¯¯¯¯¯¯¯¯¯¯¯¯¯¯¯¯¯¯¯¯¯¯¯¯¯¯¯¯¯¯¯¯¯¯¯¯¯¯¯¯¯¯¯¯¯¯¯¯¯¯¯¯¯¯¯¯¯¯¯¯¯¯¯¯¯¯¯¯*/
param index : integer -> string

var s : string := MessageTab[UserInterfaceLanguage+1, index]
--s := MessageTab[9, index] -- HUN
 -- s := MessageTab[4, index] -- Chinese
--s := MessageTab[5, index] -- RUS
--s := MessageTab[1, index] -- DEU

if strLen( s ) = 0
\ts := MessageTab[2,index] -- english text
end

return s
.Tools.EnergyAnalyzer.Localization.message	message	Method	false	false	0	1823	/*
¯¯¯¯¯¯¯¯¯¯¯¯¯¯¯¯¯¯¯¯¯¯¯¯¯¯¯¯¯¯¯¯¯¯¯¯¯¯¯¯¯¯¯¯¯¯¯¯¯¯¯¯¯¯¯¯¯¯¯¯¯¯¯¯¯¯¯¯¯¯¯¯¯¯¯¯¯¯¯¯¯
Method Tasks:
write a message, warning or error in the HTML report
¯¯¯¯¯¯¯¯¯¯¯¯¯¯¯¯¯¯¯¯¯¯¯¯¯¯¯¯¯¯¯¯¯¯¯¯¯¯¯¯¯¯¯¯¯¯¯¯¯¯¯¯¯¯¯¯¯¯¯¯¯¯¯¯¯¯¯¯¯¯¯¯¯¯¯¯¯¯¯¯¯
Parameters\t: page, the page in the HTML report where the message should be posted
\t\t\t  MsgNumber, the index of the message in messageTab
\t\t\t  p1, p2, p3, possible parameters for the message
ReturnValues:

Called By\t:
Calls\t\t:

Author\t\t: Guido Gross
Date\t\t: 13.06.2005
_________________________________________________________________________________
History:
21.06.2005\tGG\tonly _print the name of the calling object
24.06.2005\tGG\tadd bold letters for the parameters
03.08.2007\tGG\tuse AOLLanguage_ which is set by autoexec method
\t\t\t\tchanging the parameters of the method
06.08.2007\tGG\tadding Parameter ReportObj to make it more flexible
08.08.2007\tGG\tdebugging\t\t\t\t
¯¯¯¯¯¯¯¯¯¯¯¯¯¯¯¯¯¯¯¯¯¯¯¯¯¯¯¯¯¯¯¯¯¯¯¯¯¯¯¯¯¯¯¯¯¯¯¯¯¯¯¯¯¯¯¯¯¯¯¯¯¯¯¯¯¯¯¯¯¯¯¯¯¯¯¯¯¯¯¯¯*/
param  reportObj : object, page : string, MsgNumber : integer, p1,p2,p3 : string

var mess\t\t\t\t: string
var pos1, pos2, pos3\t: integer
var obj\t\t\t\t\t: object

-- get the text of the message
if messageTab.yDim < MsgNumber
\tmess := getText( 1 )
\tp1 := to_str( MsgNumber )
else
\tmess := getText(MsgNumber)
end

obj := ?

pos1 := strLpos(\"$1\", mess)
pos2 := strLpos(\"$2\", mess)
pos3 := strLpos(\"$3\", mess)

if pos3 > 0
\tmess := strIncl(\"<b>\"+p3+\"</b>\", mess, pos3+2)
\tmess := strOmit(mess, pos3, 2)
end
if pos2 > 0
\tmess := strIncl(\"<b>\"+p2+\"</b>\", mess, pos2+2)
\tmess := strOmit(mess, pos2, 2)
end
if pos1 > 0
\tmess := strIncl(\"<b>\"+p1+\"</b>\", mess, pos1+2)
\tmess := strOmit(mess, pos1, 2)
end

mess := \"<b><u>\"+obj.name+ \"</u></b>: \" + mess

reportObj.writeln( page, mess)
.Tools.ExperimentManager.BasicObjects.InformationFlow.Method	Method	Method	false	false	0	7	--
--


.Tools.ExperimentManager.BasicObjects.MaterialFlow._Icons_	_Icons_	Method	false	false	0	0	
.Tools.ExperimentManager.Internal.DistributedSimulation.ActivateMachines	ActivateMachines	Method	false	false	0	258	-- called by: GAwizard (evaluate))
var machTab:object := MachinesTable

for var i := 1 to MachinesTable.ydim
\tvar simMachine:object := machTab[17,i]
\tif simMachine /= void
\t\tsimMachine.JobId := -1
\t\tsimMachine.&RunProcess.executeNewCallChain
\tend
next
.Tools.ExperimentManager.Internal.DistributedSimulation.ErrorHandling	ErrorHandling	Method	false	false	0	956	-- Error handler in a simulation machine during a distributed simulation
param byref error : string, method_path : string, line_number : integer

var observedError:string := error

/*if ~.ModelErrorHandling /= void -- There is an error handler of the model.
\t~.ModelErrorHandling.execute(error, method_path, line_number)
\t-- In case of error = \"\" means that the error was treated by the global error handler of the model.
end*/

if line_number = 0
\t-- The error was in a formular.
\tvar stopOnErrors, stopOnFormularErrors: boolean
\tgetErrorStop(stopOnErrors, stopOnFormularErrors)
\tif stopOnFormularErrors
\t\tfireSimTalkMessage(to_str(\"Unknown error in formular \", makePathRelative(method_path,~.~), \": \",observedError))
\tend;

else
\t-- The error was in a method.
\tfireSimTalkMessage(to_str(\"Unknown error in method \", makePathRelative(method_path,~.~),\" in line \",line_number,\": \",observedError))
end

error := \"\" -- catch the error
.Tools.ExperimentManager.Internal.DistributedSimulation.EvaluateSimMachines	EvaluateSimMachines	Method	false	false	0	1618	-- called by ExpMgr.EndOfAllExperiments, GAwizard.Termination
-- Prepare statistics in table RemMachines = Dialog.RemoteMachines
param JobTab, RemMachines, AllRemoteMachines:object -- JobsTable, Dialog.RemoteMachines, Dialog.RemoteTable
if ~.UsingRules
\tJobTab.delete
\tJobTab.AllJobs4Rules.copyContentTo(JobTab)
end

RemMachines.delete({0,1}..{*,*});
var columnJobTab:integer := JobTab.stateColumnNo;
-- Computer, Number of parallel processes, Number of runs, Total simulation time, Mean running time of a simulation
for var j := 1 to JobTab.yDim loop
\tvar CompName:string := JobTab[columnJobTab + 1,j] -- Computername (no)
\tif CompName /= \"\
\t\tCompName := strCopy(CompName,1,strLpos(\"(\", CompName)-2)
\t\tvar compNo:integer := RemMachines.getRowNo(CompName)
\t\tif compNo < 1 then
\t\t\tcompNo := RemMachines.yDim + 1
\t\t\tRemMachines[0,compNo] := CompName
\t\t\tAllRemoteMachines.setCursor(1,1)
\t\t\tif strToUpper(CompName) = strToUpper(getenv(\"COMPUTERNAME\"))
\t\t\t\tCompName := \"localhost\";
\t\t\tend;
\t\t\tif AllRemoteMachines.find({1,1}..{1,*}, CompName)
\t\t\t\tRemMachines[1,compNo] := AllRemoteMachines[2, AllRemoteMachines.cursorY] -- Number of parallel processes
\t\t\tend\t\t
\t\tend
\t\tRemMachines[2,compNo] := RemMachines[2,compNo] + 1;  -- Number of runs
\t\tRemMachines[3,compNo] := RemMachines[3,compNo] + JobTab[columnJobTab + 4,j] -- Total simulation time
\tend -- if CompName /= \"\
next

for var j := 1 to RemMachines.yDim loop
\tvar h:integer := RemMachines[2,compNo]
\tif h>0 then
\t\tRemMachines[4,j] := RemMachines[3,compNo]/h -- Mean running time of a simulation
\tend
next;
.Tools.ExperimentManager.Internal.DistributedSimulation.M_isComputerAccessPermitted	M_isComputerAccessPermitted	Method	false	false	0	800	-- called by: Button 'Test' of the dialog 'Advanced settings' tab 'Distribution'
-- resetWizard (check of seetings 'Save report', 'Save results', 'Send e-mail'.)
-- NOTE THAT: Don't ask the user to allow the access to the computer.
param tip:string -> boolean

if ApplicationVersion >= 23002001
\treturn askForAccessToTheComputer(tip)
else
\tif isComputerAccessPermitted
\t\treturn true
\telse
\t\tvar InfoStr := to_str(rootfolder.Localization.getMessage(423,rootFolder.name,\"\",\"\"),\"  \",rootfolder.Localization.getText(451))
\t\t-- The library ExperimentManager demands access to the computer.
\t\t-- Access to the computer is prohibited in the model settings though.
\t\tMessageBox(InfoStr, 1, 3) -- warning with the OK button
\t\tif strLen(tip) > 0
\t\t\tprint \"Tip: \",tip
\t\tend
\tend
end
.Tools.ExperimentManager.Internal.DistributedSimulation.Start	Start	Method	false	false	0	828	/* starts the simulation machines each in an own callchain
Call Chain: Start
StartMachine
\t\tMachine.ConnectProcess_(asTest,firstStart)
\t\tMachine.RunProcess_
*/
terminateRemoteProcesses
removeDistrSim

var numSimMachines:integer

switch ~.ObjType  -- Starting remote processes
case \"Experiment\
\tnumSimMachines := min(MachinesTable.yDim, ~.JobsTable.yDim)
case \"GAwizard\
\tnumSimMachines := min(MachinesTable.yDim, 2 * ~.JobsTable.yDim)
\t-- note that the first generation is generated, which is smaller
end

MachinesTable.numSimMachine := numSimMachines
-- Number of SimMachine that still need to be started

for var row := 1 to numSimMachines
\t-- StartMachine will be started after this callChain has ended
\t-- call them running in parallel
\t&StartMachine.executeNewCallChain(row,false,true) -- test, firstStart
next
.Tools.ExperimentManager.Internal.DistributedSimulation.StartMachine	StartMachine	Method	false	false	0	1695	-- create a frame for every SimulationMachine
-- called by: DistributedSimulation.Start
param row:integer,asTest,firstStart:boolean\t-- row number of MachinesTable

if firstStart\t
\tvar y:integer
\tvar x:integer := row mod 5
\tif x = 0 then
\t\tx := 5
\t\ty := row div 5 - 1
\telse
\t\ty := row div 5
\tend
\tvar newMachine:object := rootfolder.Internal.SimulationMachine.duplicate(current)
\tnewMachine.Coordinate3D := makeArray(6 * x, -12 - 3 * y, 0.0)
\t-- initialize the SimulationMachine frame attributes
\tnewMachine.MachineIndex    \t:= row
\t
\tvar RemoteName:string := MachinesTable[1,row]
\tnewMachine.label         := RemoteName
\t
\tnewMachine.StartNetwork  \t:= MachinesTable[3,row]
\t
\tMachinesTable[17,row] := newMachine
\tMachinesTable.createNestedList(8,row)
\tMachinesTable[8,row].name := \"Logging\
\t
\tnewMachine.JobId \t\t\t:= -1\t-- JobId
\tMachinesTable[9,row]\t\t:= -1\t-- JobId
\t
else
\tnewMachine := MachinesTable[17,row]
end

newMachine.eMPlantHandle    := 0\t-- Handle
MachinesTable[7,row]\t\t:= 0\t-- Handle

if asTest
\t-- \"Test connection to\"],\" '\",~.DistributedSimulation.MachinesTable[1,row],\"'\
\tinfoBox(to_str(~.rootFolder.Localization.getMessage(214,MachinesTable[1,row],\"\",\"\")),false)

else
\tvar RemoteTab:object := ~.Dialog.RemoteTable
\tRemoteTab.setCursor(1,1)
\tvar numCoresStr:string
\tif RemoteTab.find({1,1}..{1,*},RemoteName) then
\t\tnumCoresStr := to_str(RemoteTab[2,RemoteTab.cursorY])
\telse
\t\tnumCoresStr := \"n\
\tend
\tinfobox(rootfolder.Localization.getMessage(425,to_str(MachinesTable[19,row],\"/\",numCoresStr),RemoteName,\"\"),false) -- Starting remote process $1 on '$2'.
end

newMachine.ConnectProcess(asTest,firstStart)
.Tools.ExperimentManager.Internal.DistributedSimulation.prepareRemoteProcess	prepareRemoteProcess	Method	false	false	0	715	-- called by CreateProcess after creation of the remote process
-- It is running on the simulation machine (as a remote process)
var WizObj:object := ~
closeAllWindows

if WizObj.RemoteLowerPrio
\tSetProcessPriorityToBelowNormal(true)
end

if NOT ~.simulateWithAnimation
\tanimation(false)
end
closeConsole(true)

var pathStr:string := to_str(WizObj,\".state\")
if existsObject(pathStr)
\tstr_to_obj(pathStr).value := \"ready\
end

if eventController /= void
\teventController.SummaryReport := false
\teventController.RealTime := false
\t-- set the attribute ExperimentManager of the EventController in the remote simulation models
\teventController.ExperimentManager := WizObj
end;

setErrorHandler(&ErrorHandling)
.Tools.ExperimentManager.Internal.DistributedSimulation.removeDistrSim	removeDistrSim	Method	false	false	0	564	-- delete all instances of SimulationMachine
-- called by:
-- 1. Start distributed simulation
-- 2. Testrun button (always a local experiment run with duration 1)
-- 3. Reset_ button
-- not at the end of distributed simulation (purpose debugging)
deleteSuspendedMethods
~.rootfolder.internal.sema := false

var classObj:object := rootfolder.Internal.SimulationMachine
for var i := numNodes downto 1
\tvar objI:object := node(i)
\tif objI.class = classObj
\t\tobjI.deleteObject
\tend
next

MachinesTable.delete({7,1}..{18,*})\t-- delete, starting with handle column
.Tools.ExperimentManager.Internal.DistributedSimulation.updateMachinesTable	updateMachinesTable	Method	false	false	0	848	-- called by: \"APPLY\" of the dialog
-- Start a distributed simulation run, after saving the model
param RemoteTableFromDialog:object

var LicType:string := ~.RemoteLicType -- attribute of the Experiment Manager
--if LicType ~= \"Professional\" then LicType:= \"_Development\"; end

MachinesTable.delete({1,1}..{*,*})
var row:integer
for var j := 1 to RemoteTableFromDialog.yDim
\tvar numProc:integer := RemoteTableFromDialog[2,j]
\tfor var k := 1 to numProc
\t\trow := row + 1 --             Comp name                    2 sema of the library  3                        4        5                 6
\t\tMachinesTable.writeRow(1,row, RemoteTableFromDialog[1,j], void,                   to_str(EventController), LicType, ~.QuitAfterTime, ~.RemoteLowerPrio)
\t\tMachinesTable[9,row] := -1 -- jobID
\t\tMachinesTable[19,row] := k
\tnext -- k
next -- j
.Tools.ExperimentManager.Internal.SimulationMachine.ConnectProcess	ConnectProcess	Method	false	false	0	1216	-- start the remote process
-- this method has NO ErrorHandler, errors should open the debugger
-- called by: DistributedSimulation.StartMachine
param Test,firstStart:boolean

if emplantHandle > 0
\tM_Quit -- with errorhandler
end

var MachinesTab:object := ~.MachinesTable
MachinesTab[10,MachineIndex] := \"Process started\" -- job status
CreateProcess(Test)

if Test
\tvar TestMsg:string := MachinesTab[14,MachineIndex]
\tif strLen(TestMsg) > 1
\t\tinfoBox(\"\",false)
\t\tmessageBox(to_str(~.~.rootfolder.Localization.getText(177), \":  \", TestMsg),1,4) -- info: DCOM message
\tend
\treturn
else
\tMachinesTab.numSimMachine := MachinesTab.numSimMachine - 1
\tif MachinesTab.numSimMachine = 0
\t\tinfoBox(\"\",false) -- \"Starting remote processes ...\
\tend
end
sleep(~.~.DCOM_StartDelay, true) -- suspends the current Plant Simulation process and wait until the started process is ready (got license)
MachinesTab[10,MachineIndex] \t:= \"Process initialized\"\t-- job status
MachinesTab[7,MachineIndex] \t:= eMPlantHandle\t\t\t-- dispatch handle
if firstStart  -- needed for statistics of the simulation machines
\tMachinesTab[15,MachineIndex] := 0 -- counter simulation runs
end

&RunProcess.executeNewCallChain
.Tools.ExperimentManager.Internal.SimulationMachine.CreateProcess	CreateProcess	Method	false	false	0	3599	-- start the remote process (has errorHandler)
-- called by: DistributedSimulation.StartMachine_
param Test:boolean
var MachinesTab:object := ~.MachinesTable
var Sim3D:boolean := ~.~.SimulateWith3D
var RemoteMachineName:string := MachinesTab[1,MachineIndex]
var LicType:string := MachinesTab[4,MachineIndex]
if rootfolder.Localization.MessageTab.find({*,441},~.~.RemoteLicType) -- Highest Available
\tLicType := \"HIGHESTAVAILABLE\" -- the LicType can be used like the start option /L
end

var SmallModel:string := to_str(Applicationhome,\"Examples\\Demo\\Small Parts Production.spp\")
if Test AND existsFile(SmallModel) -- Button Test of the dialog Advanced Settings
\teMPlantHandle := CreateRemoteProcess(RemoteMachineName, &EventSink, SmallModel, LicType, NOT Sim3D) -- try with a small model file
else
\teMPlantHandle := CreateRemoteProcess(RemoteMachineName, &EventSink, modelFile, LicType, NOT Sim3D) -- try with the current spp-file
end

if Sim3D
\tMachinesTab.addLogging(\"Remote process is running with 3D.\", JobId, MachineIndex, false)
else
\tMachinesTab.addLogging(\"Remote process is running without 3D.\", JobId, MachineIndex, false)
end

if eMPlantHandle /= 0 -- if remote process started
\tvar eMPlant:any := getInterfaceOfRemoteProcess(eMPlantHandle)
\teMPlant.SetTrustModels(true)
\teMPlant.SetPathContext(to_str(~.~))

\tvar CPUCoreAssignment := ~.~.CPUCoreAssignment
\tfor var row := 1 to CPUCoreAssignment.Dim
\t\tif CPUCoreAssignment.asString(row) = RemoteMachineName
\t\t\tvar l := CPUCoreAssignment[row]
\t\t\tif l /= void and l.Dim > 0
\t\t\t\tvar cpuRow := MachineIndex mod l.Dim
\t\t\t\tprint \"Machine \", MachineIndex, \" on \", RemoteMachineName, \" using CPU  \", l[cpuRow]
\t\t\t\teMPlant.ExecuteSimTalk(to_str(\"setProcessAffinityMask(\", to_str(l[cpuRow]),\")\"))
\t\t\tend
\t\tend
\tnext

\tif  eMPlant.ExecuteSimTalk( to_str(\"-> any return 1\"))=1
\t\t-- \"Remote process was started by '\",~.~,\"'\
\t\tMachinesTab.addLogging(to_str(\"Remote process was started by the Experimentmanager '\",~.~,\"'\"), JobId, MachineIndex, false)
\t\tvar InstallFolder:string := to_str(\"ApplicationHome '\",eMPlant.ExecuteSimTalk(\"-> any return ApplicationHome\"),\"'\")
\t\tMachinesTab.addLogging(InstallFolder, JobId, MachineIndex, false)
\telse
\t\tMachinesTab.addLogging(\"Remote process does not work correctly.\", JobId, MachineIndex, false)
\tend

\tif Test OR ~.~.RemoteMachinesVisible -- Test = true: test button on tab distribution in the dialog 'Advanced Settings'
\t\teMPlant.setVisible(true)
\tend

\tvar t:time := ~.~.QuitAfterTime -- setting of the dialog
\tif t > 0
\t\teMPlant.QuitAfterTime(1000 * t) -- The number of milliseconds must be < 2^31. Null means infty lifespan of the prozess.
\t\tMachinesTab.addLogging(\"Start the 'Terminate after time' anew.\", JobId, MachineIndex, false)
\t\t-- else the remote process is never terminated
\tend

\tif Test
\t\teMPlant.ExecuteSimTalk(\"-> integer return 69\")
\t\tinfobox(\"\",false)
\t\t~.~.dialog.CB_ShowError
\t\teMPlant.quit
\t\treturn

\telse -- if eMPlantHandle /= 0
\t\t-- A simualtion machine was successful started.
\t\tvar p:string := to_str(self.~.~) -- path or location
\t\tvar str:string := to_str(p,\".prepareRemoteProcess\")
\t\teMPlant.executeSimTalk(str)

\t\tp := to_str(self.~.~.~) -- isSimulationMachine is a custom attribute of the Network of the Experimentmanager
\t\tstr := to_str(p,\".isSimulationMachine := true\")
\t\teMPlant.executeSimTalk(str)
\tend

else -- if remote process started
\tMachinesTab.addLogging(\"Impossible to start remote process\", JobId, MachineIndex, false)
end
.Tools.ExperimentManager.Internal.SimulationMachine.ErrorHandler						0	
.Tools.ExperimentManager.Internal.SimulationMachine.EventSink						0	
.Tools.ExperimentManager.Internal.SimulationMachine.M_Quit						0	
.Tools.ExperimentManager.Internal.SimulationMachine.RunProcess						0	
.Tools.ExperimentManager.Internal.SimulationMachine.StartReplication						0	
.Tools.ExperimentManager.Internal.translate						0	
.Tools.ExperimentManager.Localization.LanguageDesignation						0	
.Tools.ExperimentManager.Localization.getMessage						0	
.Tools.ExperimentManager.Localization.getText	getText	Method	false	false	0	865	/*
¯¯¯¯¯¯¯¯¯¯¯¯¯¯¯¯¯¯¯¯¯¯¯¯¯¯¯¯¯¯¯¯¯¯¯¯¯¯¯¯¯¯¯¯¯¯¯¯¯¯¯¯¯¯¯¯¯¯¯¯¯¯¯¯¯¯¯¯¯¯¯¯¯¯¯¯¯¯¯¯¯
Method Tasks: Translation of messages and dialog items.
The developper of the localization can work incremental.
Not yet translated item are shons english.

Parameters\t: row in MessageTab
ReturnValues: translated text

Called By\t:
Calls\t\t:

Author\t\t: PS
Date\t\t: Nov 2008

_________________________________________________________________________________
History:
\t\t\t
¯¯¯¯¯¯¯¯¯¯¯¯¯¯¯¯¯¯¯¯¯¯¯¯¯¯¯¯¯¯¯¯¯¯¯¯¯¯¯¯¯¯¯¯¯¯¯¯¯¯¯¯¯¯¯¯¯¯¯¯¯¯¯¯¯¯¯¯¯¯¯¯¯¯¯¯¯¯¯¯¯*/
param index : integer -> string

var s : string := MessageTab[UserInterfaceLanguage+1, index]
--s := MessageTab[9, index]; -- HUN
--s := MessageTab[4, index]; -- Chinese
--s := MessageTab[5, index]; -- RUS
--s := MessageTab[1, index]; -- DEU

if strLen( s ) = 0
\ts := MessageTab[2,index] -- english text
end

return s
.Tools.ExperimentManager.Localization.message	message	Method	false	false	0	1827	/*
¯¯¯¯¯¯¯¯¯¯¯¯¯¯¯¯¯¯¯¯¯¯¯¯¯¯¯¯¯¯¯¯¯¯¯¯¯¯¯¯¯¯¯¯¯¯¯¯¯¯¯¯¯¯¯¯¯¯¯¯¯¯¯¯¯¯¯¯¯¯¯¯¯¯¯¯¯¯¯¯¯
Method Tasks:
write a message, warning or error in the HTML_report
¯¯¯¯¯¯¯¯¯¯¯¯¯¯¯¯¯¯¯¯¯¯¯¯¯¯¯¯¯¯¯¯¯¯¯¯¯¯¯¯¯¯¯¯¯¯¯¯¯¯¯¯¯¯¯¯¯¯¯¯¯¯¯¯¯¯¯¯¯¯¯¯¯¯¯¯¯¯¯¯¯
Parameters\t: page, the page in the HTML_report where the message should be posted
\t\t\t  MsgNumber, the index of the message in messageTab
\t\t\t  p1, p2, p3, possible parameters for the message
ReturnValues:

Called By\t:
Calls\t\t:

Author\t\t: Guido Gross
Date\t\t: 13.06.2005
_________________________________________________________________________________
History:
21.06.2005\tGG\tonly _print the name of the calling object
24.06.2005\tGG\tadd bold letters for the parameters
03.08.2007\tGG\tuse AOLLanguage_ which is set by autoexec method
\t\t\t\tchanging the parameters of the method
06.08.2007\tGG\tadding Parameter ReportObj to make it more flexible
08.08.2007\tGG\tdebugging\t\t\t\t
¯¯¯¯¯¯¯¯¯¯¯¯¯¯¯¯¯¯¯¯¯¯¯¯¯¯¯¯¯¯¯¯¯¯¯¯¯¯¯¯¯¯¯¯¯¯¯¯¯¯¯¯¯¯¯¯¯¯¯¯¯¯¯¯¯¯¯¯¯¯¯¯¯¯¯¯¯¯¯¯¯*/
param  reportObj : object, page : string, MsgNumber : integer, p1,p2,p3 : string

var mess\t\t\t\t: string
var pos1, pos2, pos3\t: integer
var obj\t\t\t\t\t: object

-- get the text of the message
if messageTab.yDim < MsgNumber
\tmess := getText( 1 )
\tp1 := to_str( MsgNumber )
else
\tmess := getText(MsgNumber)--90
end

obj := ?

pos1 := strLpos(\"$1\", mess)
pos2 := strLpos(\"$2\", mess)
pos3 := strLpos(\"$3\", mess)

if pos3 > 0
\tmess := strIncl(\"<b>\"+p3+\"</b>\", mess, pos3+2)
\tmess := strOmit(mess, pos3, 2)
end
if pos2 > 0
\tmess := strIncl(\"<b>\"+p2+\"</b>\", mess, pos2+2)
\tmess := strOmit(mess, pos2, 2)
end
if pos1 > 0
\tmess := strIncl(\"<b>\"+p1+\"</b>\", mess, pos1+2)
\tmess := strOmit(mess, pos1, 2)
end

mess := \"<b><u>\"+obj.name+ \"</u></b>: \" + mess

reportObj.writeln( page, mess)
